name,barred,aic_new,aic_old,Lxi_new,Lxi_old
1437151_28,True,260.406258263349,296.7285928046785,29640.803572606303,27609.202552854935
1437151_27,True,258.97868352362525,308.21450835371616,35737.045129555874,33692.42064458716
1437151_26,True,323.6628974941051,406.16779261314247,73427.80316184621,55260.08596639299
1437151_25,True,363.0670116768774,461.8824664284964,915309.3593769514,87528.77751550496
1437151_24,True,372.9103306424645,447.23859715367854,132573.53769628445,231052.9183887327
1437151_23,True,110.8129939923312,171.65231337574437,84561.17770110787,364102.1701201547
1437151_22,True,175.52542853656308,266.708498311718,92392.58626052977,165179.44436647094
1437151_21,True,173.79297373016132,260.7440626952336,105402.31026001356,248498.43545661063
1437151_20,False,222.86222919226591,361.6628155808596,109470.8561737695,178704.2487832272
1437151_19,False,212.15335606513582,569.0995694557967,173101.78052712334,262740.97847133246
1437151_18,False,544.396835787856,1939.808503453358,536501.7839609389,714763.8925114446
1437151_17,False,565.9615446074154,919.7771192865364,829141.5589579933,236070.9079351317
1437151_16,False,242.2413994302119,468.13075018201766,342426.39037202694,133410.28371503824
1437151_15,False,135.74957407815896,443.70986682177545,360060.0135165951,305097.14918567997
1437151_14,False,240.62369529584623,252.13014774994326,1720861.3492838186,412040.141898695
1437151_13,False,190.60639743798612,206.63497628002438,540307.9021425763,495522.98126891104
1437151_12,False,810.0746176302171,687.5452632367027,604649.0443013689,685391.9822807033
1515368_28,True,156.87826601602535,253.32110018348632,34413.96463243836,27193.71967697118
1515368_27,True,200.14012586898693,461.91369716504653,37318.127373260286,29614.205121683302
1515368_26,True,176.07663087753235,457.91791975870456,35739.56737010521,28588.99705409231
1515368_25,True,233.66768322731326,599.3253775072374,40666.58347902314,30796.996407149745
1515368_24,True,446.22572041710725,848.8511956800819,56387.99668665101,36692.42307426705
1515368_23,True,315.71875638574556,707.2769864549232,51796.72673226285,32492.369186012234
1515368_22,True,612.2664415952443,1015.683912207756,77328.45208619253,42247.541304755665
1515368_21,True,699.3230500845193,1522.8730686891736,61184.64733373588,36985.361823123676
1515368_20,True,538.5052080963418,2016.8851572844076,68100.8350597799,40436.614856754495
1515368_19,True,631.912456378989,1264.1822689309054,67030.4678757059,38622.46400235839
1515368_18,True,747.7737592309632,3072.453291787182,60971.96887036899,39114.43117882968
1515368_17,True,2115.188728814829,5078.318305427441,114489.25910079661,100981.6155598081
1515368_16,True,1170.1466836476102,2752.9403441771715,95788.64476961519,52978.514547681225
1515368_15,False,977.9177210675024,1339.9217767314287,270606.4024691357,208922.67361420963
1515368_14,False,607.262006973431,877.129234668525,206000.15994830022,111446.05208768413
1515368_13,False,542.8390067360051,1128.6666558769948,2523547.3129139333,123307.56643803278
1515368_12,False,279.48461326302174,896.9435189203384,2712011.231345515,214551.61350018682
1540783_28,True,413.9061137997428,620.8101782604106,46227.27389449245,33110.175037735855
1540783_27,True,441.39022507634934,613.5327117689915,51402.22991672064,35344.138846359856
1540783_26,True,435.65441752055324,681.5453486672224,109078.3461554901,61625.902623416354
1540783_25,False,348.94460983133797,402.9782886394022,54059.59231841359,43092.49162725295
1540783_24,False,780.9193753631296,895.1787476410918,133347.34806778614,94811.49659849185
1540783_23,True,160.92918606114603,244.72144573950226,619654.4628616751,1178882.8894356254
1540783_22,False,213.75124532638395,305.54325759254556,1165327.6258953,1695209.0110451682
1540783_21,False,242.77864200805885,428.638787390918,598502.3042764969,1289050.8921591518
1540783_20,True,245.1242396907471,565.5524580979427,532958.6135420945,326317.8246676417
1540783_19,True,159.4116316524452,2153.79106898487,289604.80334905,171003.01959021576
1540783_18,False,187.87108137962315,206.40006604966948,561586.8528049946,524033.57994936383
1540783_17,False,202.88774978160157,530.6796062457589,1726918.2537430562,169797.87632700376
1540783_16,False,251.00075028811136,338.39680867391064,488858.77677407,91024.70614268159
1540783_15,False,152.57744270324582,265.3841566953583,3544101.042069466,1025059.8280268514
1540783_14,False,163.70007039336656,161.91056534344733,576534.7253790272,667811.2848156058
1540783_13,False,479.80233037111077,851.93440038663,6169288.701985008,1165517.0744198975
1540783_12,False,112.94401404353268,121.95867227159425,876841.8885276591,1415735.4704996021
1593757_28,True,269.4793593581008,391.01978870976274,34463.67360916932,35060.43949284266
1593757_27,True,213.9439327954608,276.177998628388,26484.250391790258,25218.160274953218
1593757_26,True,290.7780502660311,368.8702952688585,39247.54943489423,28035.114618586813
1593757_25,False,332.33872604332805,391.78061530905353,45973.28413726707,33940.245670348246
1593757_24,False,447.30168004691313,619.2834558082501,107682.01624211919,40270.17970806867
1593757_23,False,343.05744097452134,544.6762322541234,109900.37336126529,50713.57725869442
1593757_22,False,427.3604810780199,3109.0178509831417,68934.70833423422,57595.15120691403
1593757_21,False,764.744947536564,781.0995101169394,79542.4195405099,42279.12388939787
1593757_20,False,430.33427881495385,1068.3040145006885,45919.721700066075,37277.101277930284
1593757_19,False,294.0720318671685,1286.7324650607015,46348.737669774724,37377.8720904241
1593757_18,False,402.1415047349967,3624.6940756761437,76789.44306288233,47177.604799674824
1593757_17,False,426.66671689690793,25659.09334112498,185708.98300858383,88681.61071232117
1593757_16,False,592.5361615794526,1197.0599065502101,359092.45113642106,88960.0833224493
1593757_15,False,366.9143389926693,1270.3461602643729,3211757.9864634285,75795.62099962977
1593757_14,False,238.7601088790695,262.4755935608886,537008.3476464958,1081436.7095269654
1593757_13,False,365.6325203753655,2075.2038020518376,13162040.755252915,785416.23932796
1593757_12,False,57.620360930214325,59.671420963613215,1680743.1001866055,1725642.7153593816
1608845_28,False,862.5273469624212,956.5112472051571,48265.1497989576,36809.37659099207
1608845_27,False,594.8209393003972,793.2859940263347,47650.49600104901,38874.51795497897
1608845_26,False,628.8028423537269,786.7544168082204,51100.748035054654,38854.66832690054
1608845_25,False,551.123343331303,1069.1380436025179,162401.86959646404,50137.53875246244
1608845_24,False,1469.3720067884306,1741.8582612039538,1082656.427595821,292246.6881628599
1608845_23,False,308.292456990148,369.73474650078344,277471.449673226,295522.4451018001
1608845_22,False,528.4868574352244,570.8794082093846,280085.9954538699,475592.77540146123
1608845_21,False,646.7717502010445,658.6453434843693,390377.292389463,519053.4698834821
1608845_20,False,606.0760346894176,711.1970857224098,309561.24810347205,368747.14913447585
1608845_19,False,429.16657983062436,534.4412567636804,111951.67004745142,644041.1514105508
1608845_18,False,446.05554370382185,425.1988506286491,162570.66874842657,588345.7948856149
1608845_17,False,427.124317124917,437.6235948904849,160562.89197121328,193716.837984423
1608845_16,False,379.0614555686121,404.8252258073642,274736.1496956849,191356.9561223729
1608845_15,False,403.7310089534161,443.69312485687533,1591153.1645135153,277279.8572359239
1608845_14,False,463.46269262600765,1037.6245037335616,355754.60968160816,125719.90796966763
1608845_13,False,314.30724008151134,356.2149264166938,493448.3410639056,398655.05242508405
1608845_12,False,319.0384738477765,331.6462493990887,1001055.1495618599,4622188.284068964
1623194_28,True,205.02215100189477,215.8600450621315,36388.90565882107,36761.237536689194
1623194_27,True,198.65249422788276,202.37934307466872,31519.373798592413,29328.226478008066
1623194_26,True,212.8402090512761,238.18744549763855,35085.052804577324,25453.69488817484
1623194_25,True,237.08334205378264,307.14230400615924,94051.61623531287,26622.98892676323
1623194_24,True,408.1125233853153,671.8993282818292,95233.58016363723,32633.226316651773
1623194_23,True,252.43204819298452,496.9242398765843,52053.21366104583,37264.250914746764
1623194_22,False,565.0550147678523,692.6200786711236,74316.55110281848,41897.074176693284
1623194_21,False,537.3639376981022,650.3972148146357,139203.65725950076,38248.69915249121
1623194_20,False,621.6951197039655,2101.2964517651776,406769.847652602,41665.657980647404
1623194_19,False,430.51514842213544,827.8929207558847,72080.07197571537,35324.4073553443
1623194_18,False,1020.1089169476677,3056.3767140911486,202962.91655313296,62226.845857845365
1623194_17,False,4209.309545840151,4883.988800164487,305759.3671178814,107209.50324465852
1623194_16,False,660.8684887318203,679.5383527338972,204290.3441028017,243828.00545382526
1623194_15,False,607.894742471561,671.7369819763218,1330392.0118903741,381193.451429757
1623194_14,False,475.75871509919,588.5416014267552,364969.8958115156,243211.41495210538
1623194_13,False,450.2300423324915,510.2315643987397,748656.5534360933,1054402.2977086608
1623194_12,False,334.79176724260276,480.5412913996774,454209.71983003337,262833.83185730234
1681524_28,False,181.42831124600724,219.3631700386101,133684.23150847256,52266.92529055733
1681524_27,False,124.28152337118632,162.76086763707454,284652.0769859578,676598.5351054717
1681524_26,False,132.91597401606163,186.30761041273115,117535.01060562395,681924.1962464303
1681524_25,False,147.87060963033656,160.3338821113329,113561.79001185086,307748.8928720876
1681524_24,False,277.477815707746,315.07847295311694,724532.6065935589,97604.48360838863
1681524_23,False,158.49104286725694,164.4022595984617,94863.27960726988,246735.13299411634
1681524_22,False,358.5851354898036,406.7624197848654,140116.7347158151,304755.1505852911
1681524_21,False,354.1951939350082,393.707911813304,114827.024384079,336744.9303038764
1681524_20,False,230.47347422720333,256.53920120682074,214560.4034536429,139126.9687615009
1681524_19,False,143.19869132309546,167.8629616967466,156906.91607412792,104249.6578669438
1681524_18,False,240.06149587403422,305.3691547363269,141985.2149772037,75286.89921203007
1681524_17,False,284.15879548382077,382.9314132361977,288721.075792387,348280.03746142
1681524_16,False,199.48450772567068,285.9663865943346,1175339.060096079,166936.17527457292
1681524_15,False,215.02148434182328,1502.2827855194055,257789.1272797882,80160.50817862726
1681524_14,False,231.71555328799042,455.97654285093637,279535.9473599914,1846679.9076082408
1681524_13,False,159.08475372933796,505.244046254453,430402.3821147541,2035595.0958323947
1681524_12,False,183.05064528530693,848.2300347241764,425100.7285382019,394936.5164241181
1757806_28,True,382.588143670477,449.4307292580545,22158.651326900977,27888.489705566943
1757806_27,True,311.43760614745145,379.1032774996254,23731.311354043362,27457.756383011576
1757806_26,True,815.0202935335644,359.18389529353925,43713.2425425044,25327.09736546003
1757806_25,True,362.6143593028116,417.19722676964125,30452.90674977328,28692.014577648206
1757806_24,True,617.8931497460298,872.2833854241417,44536.28018626987,38260.31596498452
1757806_23,True,406.45173866014477,419.1763555864521,27943.545882851548,24980.889547482147
1757806_22,True,779.0083498801321,847.3995436213993,45784.98333692721,39562.93620794632
1757806_21,True,773.3951881572751,902.8477275900115,60404.0789519149,36831.637613680985
1757806_20,True,655.5132946161624,1929.5545290356663,69316.2441136392,46147.975340452824
1757806_19,True,423.2007590203524,1479.0999512983155,100301.63817942998,47011.86729831339
1757806_18,True,848.7460349808614,1107.403868530391,75656.29395387165,52763.78227558767
1757806_17,True,942.4502170715426,997.6822762792589,140116.07975476055,135721.88579282587
1757806_16,False,709.639605210636,1326.8360947925994,116648.18680153733,62768.47628016416
1757806_15,False,1000.3392203151257,1599.7816749232209,9074833.496684067,502882.92700540484
1757806_14,False,872.8611994991935,926.0682410803795,386863.3543220549,382705.38878379454
1757806_13,False,899.5907412627524,702.6109147604168,924681.1851706911,1951485.4141182413
1757806_12,False,270.6819479765118,923.8961491285777,1821119.558851,2450913.6748299496
1785362_28,False,461.55519232875054,632.1511229869309,96828.74211842577,82883.72228259778
1785362_27,False,408.26913465876834,451.1507009250844,79920.09260396904,249298.26726159593
1785362_26,False,195.97335002145627,401.7677693794717,1469502.6562712055,130412.67112861715
1785362_25,False,129.98451009473848,459.2857864569198,301371.09385372454,78732.15186002816
1785362_24,False,228.14265562411333,224.15679603958841,415928.0550245231,402510.96410507284
1785362_23,False,129.0726444225097,695.1590027507244,302413.0849249723,75918.96040607436
1785362_22,False,249.6701377534846,1490.0445553245322,312275.6788376396,76812.43575549359
1785362_21,False,293.51537570088567,450.5589600147982,290503.86842179106,106269.01608034196
1785362_20,False,266.68576550271337,262.14080800547225,332550.51626660663,1063672.8675736317
1785362_19,False,178.42108188802177,244.25553727160914,315315.33515353303,143912.96199120904
1785362_18,False,262.7590340996031,275.7270440795816,409307.0611579756,790345.0571293338
1785362_17,False,268.43140806842314,297.09802523206224,577519.0365554882,800522.7838625271
1785362_16,False,330.54112408341814,399.0239106340331,444147.2156292579,4071507.9957554517
1785362_15,False,403.5553846903576,456.4810519587652,423508.45746273734,714282.6133072852
1785362_14,False,405.35039600224127,405.8104798456786,398341.03674825246,954606.3688259372
1785362_13,False,229.02920234700977,331.69759848708657,316300.2510884718,367331.5196960466
1785362_12,False,329.890115946277,540.0711058448652,575014.2898779584,454666.0357897321
737885_28,False,286.96604983866104,370.157377124962,49162.928626334426,37060.33012063509
737885_27,False,224.44733730441578,277.52009782784546,50107.14451804949,35623.09845546125
737885_26,False,229.23368498706526,261.4481838462363,86246.56795471573,55459.357016400216
737885_25,False,234.69546456945653,551.3355617350401,55495.430716718394,44552.22626640822
737885_24,False,369.74899944323715,5253.971799936584,89642.91962393024,82397.69348105996
737885_23,False,228.50461122428305,226.43001090541082,107879.22344601572,98182.80030743964
737885_22,False,456.5494079125933,497.0780284864705,123354.42887682117,60418.77831244081
737885_21,False,457.3733812602118,458.1232877480192,126900.26693273548,108187.1760216114
737885_20,False,843.5749725624398,440.6322250355015,366623.4800859767,97189.17068647395
737885_19,False,223.09782533439125,218.17778071616198,292639.43174984196,178251.7610078125
737885_18,False,427.8019815244937,489.32374505833457,80668.06941639306,59939.414710444886
737885_17,False,607.6960345307708,771.7382450732662,1564334.865393275,90174.94075993668
737885_16,False,362.2354282905492,464.3384091628301,379914.45102596295,322074.54463334265
737885_15,False,284.1294345544463,326.17980367400367,1221976.9273344576,717063.7634505185
737885_14,False,220.0089707432149,505.9293215139113,499787.0963138152,148192.51944871974
737885_13,False,249.0609765372073,3027.4306880514227,560987.8364392975,81409.81811122416
737885_12,False,501.49613421972845,136.97559492875985,99161.51147645814,537008.7101841758
746518_28,False,348.2772948648168,410.1095285483331,106170.26858624132,714669.003761953
746518_27,False,161.22880555784135,189.7121988378372,193321.79736472474,408690.06850971386
746518_26,False,170.9503919729563,202.94548686082368,104501.99060589308,501855.9310961389
746518_25,False,282.49169795236446,456.3191637489257,170043.46326389004,66506.24750859727
746518_24,False,246.51898798314198,330.2013309225132,141157.15467972693,128471.06064987372
746518_23,False,52250.40533041445,407.4411253675605,147290.24601800123,306666.03920988773
746518_22,False,78.5723217305396,85.69954155964845,810071.0362915099,1813090.47246427
746518_21,False,126.83959339185839,117.48071838320467,788295.4644463952,1330483.8906163026
746518_20,False,53.1583944210543,52.17740538891984,648139.9392680896,3402120.689682847
746518_19,False,41.49936686762315,48.17483726520227,339717.03664383804,7375028.382212872
746518_17,False,49.24647717954814,48.26179645443737,1192985.3426938457,5402929.14262794
746518_16,False,48.4237556735868,46.70111173668799,754256.3669314485,7301975.663774648
746518_15,False,57.75913494782787,59.77039423938747,2248897.5321009783,12041131.547483552
746518_14,False,32.01836992292284,28.37615040093248,980429.0516977585,6949670.79409936
746518_13,False,35.85357240707605,44.64793220359429,7835135.472138507,4109473.311399622
746518_12,False,25.254766535678897,161.61055499899692,2196718.57232398,291152.6604264078
754151_28,False,548.7752621681839,574.3393080889789,98408.71449574531,126332.70536469792
754151_27,False,367.59223881800807,438.92957749844163,221803.2023711733,60308.164308209925
754151_26,False,240.9950951563629,856.0503592262389,237368.71960431978,81190.10310860496
754151_25,False,129.77966479262417,139.24530314929768,170672.33141450828,178151.55217769922
754151_24,False,223.33623155225345,235.00697299417527,651747.269431289,252313.27342328546
754151_23,False,93.6193412719584,105.47799632938299,287917.91767058556,465836.37700625666
754151_22,False,180.85060625347606,197.5824671797264,526893.4492052763,2089992.005723429
754151_21,False,212.8057890104431,243.4362789081423,2312518.5300876405,3115292.6647703135
754151_20,False,219.4396126058308,262.5066621860898,384559.8662605755,1193150.0676838318
754151_19,False,140.12147848689062,155.52922687464738,500507.52119245706,1073395.3872227182
754151_18,False,128.8922187976248,144.5469323336166,1082310.6872635493,2027211.818610753
754151_17,False,121.99216636233342,134.10370931996903,1058115.8774635608,494509.1181433636
754151_16,False,64.88978474860146,73.73983283363728,436747.29669390956,1057056.6260368102
754151_15,False,86.18710382871701,84.79376334184471,500000.14893931395,944837.3419481302
754151_14,False,78.12912967960992,84.1899456155009,437011.40823711065,576588.3891451389
754151_13,False,55.93081464962542,53.58299184393019,499648.12114992534,2044611.059435926
754151_12,False,61.441635310931574,61.64491360319312,237399.50984752917,463765.9849729707
763033_28,False,319.2349936999681,963.9844536540602,37962.0711051829,58784.75337429668
763033_27,False,193.1768364942218,928.5882789568379,49157.913434873764,67809.72569053562
763033_26,False,199.03038180493684,438.40689643227495,60260.109064271775,55013.910482792766
763033_25,False,194.7184172442773,218.6041617245832,79449.46239298752,53000.09486636578
763033_24,False,223.88007823577055,233.29692536475918,207285.43728316244,77894.42285977172
763033_23,False,128.6895327176386,132.57489041465058,61216.56259961848,120551.82527031528
763033_22,False,303.90816962448923,314.26090213616885,147009.05977183787,191006.8514694944
763033_21,False,372.5524237756058,393.47786802747873,775989.7231374168,105930.24927075054
763033_20,False,633.0818913207486,682.3714323580846,710533.5035174149,923476.7948493962
763033_19,False,187.71336217093585,204.61678753774086,1304812.1632320392,227772.01385236252
763033_18,False,281.91290210973835,1499.7307452539342,568298.0087587776,62623.233559606524
763033_17,False,248.734782846448,512.148911699365,522762.1390800143,69825.42404049281
763033_16,False,280.2208919271505,374.2982162727129,861771.8711870484,70178.16244570966
763033_15,False,261.2443317023859,352.1299181589985,8093016.170566768,204328.1925917117
763033_14,False,310.18881610330845,1079.7697909795468,5670768.937277088,220991.06428327376
763033_13,False,394.9840131360586,449.2833948119567,353245.73484305316,2056678.6077063477
763033_12,False,112.97586661118254,128.5920534868052,1389096.653794882,4069431.448355498
770934_28,False,163.48349048270086,277.6745645743271,44137.367317711934,39056.27978619338
770934_27,False,140.0864811743789,155.0388916509276,32236.99274345748,30685.29468743856
770934_26,False,205.71644957377032,161.2318288912324,35437.37072027881,43503.20658106645
770934_25,False,162.89918802463342,197.23576877551346,51851.635995996374,75560.96982086528
770934_24,False,254.21843092355783,325.3512450128421,51096.56382933159,84995.9730237248
770934_23,False,292.9972024767374,451.35303632439053,84686.79083900558,63449.71327069029
770934_22,False,393.9373670262852,1076.490629792056,112165.46623321666,62510.71249998774
770934_21,False,374.1920875615824,3732.8631709475667,107746.87760433299,73827.52590736211
770934_20,False,623.9987049989982,9326.417303146858,467063.12900394714,346756.8722561726
770934_19,False,269.0353104643915,287.24694190551656,282817.9758998624,531674.4658796736
770934_18,False,186.99790775902397,218.97233592588265,404718.81373137655,151120.56480041734
770934_16,False,135.11573036088,148.34319363184187,336891.9331349187,688446.4210828259
770934_15,False,161.16190984267135,168.4934810015277,518612.1908121164,2497057.645079095
770934_14,False,299.6133636527428,315.42452465713,1485816.6518553258,1328347.1393419858
770934_13,False,54.97633334814126,52.60834393731224,1093004.432254325,3746023.934999387
770934_12,False,101.5460221259782,106.9918930561908,1748827.3048435734,2021209.6118410763
780704_28,True,188.15647827604306,11164.962259155976,75564.50830254858,127910.19116539041
780704_27,True,201.49195900808954,1117.2048156674307,83889.97973871742,64388.24230017848
780704_26,True,207.62624577925817,3155.1751584351064,85165.88063575381,86914.67589964761
780704_25,True,214.58792015234684,1069.7858310822025,91582.34415192236,60785.66174870361
780704_24,True,294.0225490078424,633.4328561076227,144542.04520918144,67376.58038481395
780704_23,True,192.8613548106487,346.5237858622829,138382.12273242266,64687.5393147256
780704_22,True,267.47513432558594,471.84575545203506,239583.92545164132,247811.3781129279
780704_21,True,234.6652372071439,475.7435763959909,256130.08035997947,389545.7973970879
780704_20,True,357.07817215048567,709.3159134867999,284439.191457162,151041.8417625021
780704_19,True,193.18178831035937,540.1413783751182,194020.04004267105,322133.1453150583
780704_18,True,284.82139316976395,793.3265519258164,275826.58673034667,209725.1734709567
780704_17,True,1238.971265341835,1085.1867722672723,254422.58670601808,490140.78616816166
780704_16,True,397.7173990829713,1277.0599947676324,448131.68941784813,176140.19292585267
780704_15,False,331.7408740710408,1878.0240722090814,410828.75615930953,123516.07718866758
780704_14,False,295.35748271513944,2147.532820625685,413821.5277267629,201092.98072197154
780704_13,False,360.2634403278473,2729.498548273992,419902.34025217174,220073.66356224663
780704_12,False,227.48524143807447,5555.365171491241,255686.79551138898,149970.2403413776
793490_28,False,167.9815412178755,236.36531071910161,231233.6138916499,44111.886466581505
793490_27,False,276.2077816548752,327.96791577072804,483693.01591086213,77794.00438541781
793490_26,False,150.35467114980457,207.21227901012742,370179.25245149503,111207.29821854443
793490_25,False,154.7749842687851,176.84569260829397,381851.840413764,170410.71200605624
793490_24,False,270.02126945092493,288.86730137539035,642148.6728595123,471639.1837642681
793490_23,False,154.8963912316451,167.78503492889516,262500.8974689507,238749.58384070074
793490_22,False,287.6313697579232,306.9962417656292,5031258.148277877,247151.9699396238
793490_21,False,291.80840319138997,356.37744306354034,269164.4239137464,119091.1278250266
793490_20,False,293.93986187291,523.843134927545,1815324.2572950793,128165.97914294813
793490_19,False,143.56555203557969,160.28589488874962,290565.1824487166,353156.10215683817
793490_18,False,166.53055940317108,209.99663838171543,220790.17853153654,956486.2193384054
793490_17,False,188.61882900450712,319.04113239943933,623943.0155722576,1389877.288627626
793490_16,False,149.06877924345824,216.83062062772456,631275.1670991362,828229.7379111301
793490_15,False,350.31205210618214,271.89507249727427,361909.0995169517,631023.7521594972
793490_14,False,195.35283002811133,238.47373513212477,442916.0462600428,1352234.2697328648
793490_13,False,267.6975597007047,275.3136952260023,1471434.6535872351,1769903.362746019
793490_12,False,108.62910618266295,149.61983632760933,297496.86841480527,157887.04699046965
817104_28,False,361.4531308354898,543.8636947994829,73439.78594097964,45994.084626581316
817104_27,False,414.23517786062206,482.14784903114577,292557.5564136299,158648.18347971677
817104_26,False,227.28532236955215,235.96217689321833,126738.03472357242,135108.21374107205
817104_25,False,289.2207841159951,343.7976002600952,106472.99669035467,344589.73345454276
817104_24,False,300.61692951829457,311.9558407151961,202886.19852458098,224860.6474273708
817104_23,False,167.13730038671815,191.33514868515084,356804.0659304586,540114.2376910208
817104_22,False,193.64486069663172,280.188330748444,528295.6876935171,408381.02526604116
817104_21,False,190.4542849204044,446.7574559045216,261467.01058985176,277241.5532228019
817104_20,False,118.09586920923581,152.6860124433658,352696.68537353666,592612.6808275358
817104_19,False,151.77516133540968,184.14777746043325,535407.4227026077,2160427.0257630926
817104_18,False,91.36248934812492,128.89638823141493,356469.18090358784,166463.0842465294
817104_17,False,98.8177613448641,104.24536494681095,849879.0494965902,2343682.344069628
817104_16,False,72.35848155975262,67.78697693818081,537876.8362201612,610174.2911531855
817104_15,False,93.44170666077093,97.86976214966325,464630.3462150708,1540203.9519685542
817104_14,False,60.31275199418733,86.0465111395993,436615.2880921194,312511.1447924864
817104_13,False,61.434307941888896,74.57484706571833,1340677.322830275,492868.7376141643
817104_12,False,53.660913274348985,53.13738133733312,578076.0470205724,10465253.625609156
833288_28,True,161.98336866900775,15343.116795738497,481863.1013078817,153347.14365659535
833288_27,True,125.78943170604265,194.07548629377413,1279413.2266075965,68853.35338185956
833288_26,True,88.1753235678232,117.38785921976451,140172.94536284622,102384.65098060897
833288_25,True,101.7246873368542,127.27622535112043,232350.72536513745,343926.88342755416
833288_24,True,181.16674002200244,214.25934052576952,317461.3877202416,1475551.8834557333
833288_23,False,112.35791083306749,204.8040055917529,834552.2258317502,1409904.0076786852
833288_22,False,186.7221422018423,323.24710892695555,1428176.4372144055,1931685.947104875
833288_21,False,229.0728596790953,293.41835793805643,431291.79455892986,642652.9077623328
833288_20,False,194.35589974662605,262.7571306790814,1075470.2597529134,1243483.3809976252
833288_19,False,118.87433277811857,128.31029339871404,548155.27278096,1158250.4840060018
833288_18,False,160.27602024199228,137.98981148745875,310581.47279653064,1613351.380273053
833288_17,False,110.65874909667764,116.52809594449997,704209.1177716481,1544806.043396073
833288_16,False,121.07798665877301,125.20352817412501,651569.0511829956,1785621.243677628
833288_15,False,140.95181999596298,154.77327919686147,195079.3877219267,1784311.2702191034
833288_14,False,144.63847694380507,428.9048307697417,7644192.974981246,469839.0688969464
833288_13,False,87.57625778808554,91.26260631427256,349679.0681530718,300371.8938196565
833288_12,False,72.94001070319787,90.42818545407192,4649440.520670073,3386808.250756596
846421_28,False,198.90589613547894,216.33423910098742,35638.03203867945,91083.0145936257
846421_27,False,194.1312837866131,215.91482839533012,42819.09017768318,113845.407960359
846421_26,False,188.78350762842308,214.49212851259585,32689.288772968546,80850.47336352595
846421_25,False,244.29192442303412,280.4054537765079,34701.377945460845,111225.64701002
846421_24,False,386.1609337963769,434.54251417798946,41375.963708988274,40660.40501709558
846421_23,False,223.32007133717048,260.18249681028595,39138.67913516197,55364.54401968437
846421_22,False,354.4639625107699,408.11777355111496,50238.68843033317,77425.7051126837
846421_21,True,412.64667700902527,464.68939074283054,44820.65022997746,89258.36968196253
846421_20,True,434.33926151788967,516.2278131073678,85356.1925561775,102075.15879110518
846421_19,True,323.594848944508,396.3896652636196,48777.39744610024,40547.723124953554
846421_18,True,638.0157754545904,961.3457430941894,264764.9467472598,142483.73971943112
846421_17,True,842.1931044007324,2966.703149397077,147859.853463231,88586.98073968623
846421_16,False,877.9140604841405,1016.3771568654947,140092.36407994758,1221410.647127755
846421_15,False,547.36796999743,583.6811052326855,408433.52326340834,442911.5258451821
846421_14,False,288.4237950644816,168.14327129567934,930564.8915638904,2135655.9697781103
846421_13,False,122.02586087825007,128.52422442610845,685508.9334224546,1209500.652354538
846421_12,False,116.43776158358426,116.83828691840321,437261.7525567163,474269.9911381914
853401_28,False,170.46274294965662,439.7192031427948,126226.49507683466,56894.911172173015
853401_27,False,124.92873028586855,584.7790428420976,156573.7567188606,61428.333529215306
853401_26,False,107.35040014050382,116.66331993785197,95118.86666952622,131334.78383153048
853401_25,True,172.08488926836557,158.7665957033456,268945.81208844896,407992.25871252373
853401_24,True,234.68044773409153,288.48438127310794,188989.58031714457,281264.80959169695
853401_23,True,148.54361186452286,181.914973240559,161459.55182173545,116576.22010480743
853401_22,True,343.166076435369,423.0836906235185,240666.50215919816,362124.38992798503
853401_21,False,481.26269854335965,530.1843633319997,329131.17102380004,447856.66674199933
853401_20,False,406.0792764196721,438.9626441385368,244894.13231283057,792430.7551889912
853401_19,False,201.85819457849146,210.35665302524308,191017.7069884208,208764.74843285303
853401_18,False,303.88253904008707,316.98863938849115,250523.28025866774,559072.5083447038
853401_17,False,287.4307756030882,327.6889625106382,877747.5122246154,108872.21924823191
853401_16,False,318.11763097469446,332.3565320086798,7932701.680420007,401390.0709356298
853401_15,False,191.5412051525379,196.47735615511766,725120.4399696273,805340.4895938159
853401_14,False,112.07190573108916,119.34786937270358,489282.5439929835,368878.70111261593
853401_13,False,97.26056667920194,99.73846379589655,495107.36011617945,2054182.3339901085
853401_12,False,67.58999414593276,958.87274010539,1213999.9944180264,73486.87005779886
860575_28,False,246.12518127641397,299.0086104691908,84741.04450958001,51995.02118413504
860575_27,False,154.32547790224234,224.50610618867614,158808.24127589283,45134.19513159026
860575_26,False,156.09154192807634,174.30338256763156,52162.56108041028,46625.69544755837
860575_25,False,272.1123909219598,294.0841478032876,172992.71160290774,247229.39556558448
860575_24,False,421.87978437774234,450.46660033524904,368903.2987982539,524503.6119784154
860575_23,False,100.10385651266931,111.85823288308612,388861.5039816562,213920.5043075666
860575_22,False,175.57113046607972,197.14890780473576,602111.2676020374,493911.7804801604
860575_21,False,216.60168161038982,234.19246405118946,1085336.1142423772,1561793.4279451128
860575_20,False,218.72328642749662,255.5595095828716,25610604.269412287,1789139.0914116986
860575_19,False,135.20854264276542,139.73679911838673,1071943.5529330387,1400959.8277755014
860575_18,False,79.78498446561065,96.17371543986229,605303.4449397288,2518547.7937153205
860575_17,False,92.08980481905604,114.58565737830509,709465.2949565395,3230865.0892267977
860575_16,False,119.37467759115037,134.3897849067137,748783.6175017839,4392089.157366861
860575_15,False,59.70409713925359,64.19004481573111,568570.9693397967,893152.3847308799
860575_14,False,71.70888063369793,78.87353017456243,610408.084611546,1608772.882486075
860575_13,False,54.596268686152115,58.55613727055414,118235.92889677659,480393.1766208656
860575_12,False,58.27549763086866,56.46520481601307,541354.5892530688,1535378.281767031
866129_28,True,71.7491430395825,109.35217139626478,135771.6651928331,982334.7614620477
866129_27,True,79.76763613438914,122.10290596946012,126719.94268594912,1656187.4228837092
866129_26,True,90.20239382363881,134.39419330709626,133004.98669892794,1697476.5173068156
866129_25,True,209.6355359971992,266.44274538509575,284692.71164346253,1450943.7733470115
866129_24,True,329.23653816836867,582.426228241678,313111.40581668634,1161151.9982522682
866129_23,False,196.54560414770876,234.97293322695106,767451.0208212596,752101.8410686918
866129_22,False,317.4120508944618,335.91972581085724,5198781.147130564,2031812.0221628696
866129_21,False,212.64089827581438,228.44099882383233,875941.1689114849,770238.2896127792
866129_20,False,175.02019533889126,178.3261420282535,781094.3959433099,888680.1861097389
866129_19,False,100.51075457062785,179.70911744250137,3414514.2065273365,428650.64924742637
866129_18,False,146.2287242797844,161.7051694193935,870433.1265458638,376542.766669241
866129_17,False,144.2300918973147,153.10091012694096,656019.5705972604,647765.7728369161
866129_16,False,90.02386289630846,87.91831385932792,674744.6608224709,1171320.496576626
866129_15,False,95.13156886152217,148.84922703935143,28863923.967915114,2663715.425244852
866129_14,False,78.1948730026552,65.02598073668162,595615.9709254104,1462078.59299736
866129_13,False,46.72874644536331,54.15769144350554,272777.1094905198,1504060.098646326
866129_12,False,67.32304498562202,66.48831352407205,516523.30975807575,1318025.060208113
878368_28,False,272.3557206178887,400.8627049397144,958557.9865400804,70387.06964696602
878368_27,False,229.69106027317383,461.6486985882226,256083.1930179163,68709.72398474865
878368_26,False,172.79391547866385,273.3404382207517,327096.7744826586,72653.45688298462
878368_25,False,182.58528817254086,209.25801694960217,201929.97327891464,165504.58062854194
878368_24,False,247.15074694937283,256.1209041152821,2125952.207856305,348731.3302575555
878368_23,False,101.86425918666768,104.83505889770981,440694.1048560466,438837.48067517986
878368_22,False,190.67507753469351,218.09203451965286,265923.82548286,533573.388786471
878368_21,False,208.6590369130791,206.90834906399635,491789.03409046785,609729.4117792184
878368_20,False,206.32136612825383,215.67758279424265,978573.594976261,1461182.8136507613
878368_19,False,128.84893174096877,133.09290912320358,596963.4773466474,1180941.267138984
878368_18,False,160.7110498853782,175.44239485413183,296990.8878098131,626114.5086759047
878368_17,False,119.70511350219816,143.9970654106032,272663.86301410885,763519.2023595409
878368_16,False,215.2101792217444,224.77390769657544,207451.86516346867,218160.8884500495
878368_15,False,131.26110021431882,157.60753548948915,231590.7739647635,117751.46996569546
878368_14,False,110.72983019177651,126.56088684196713,2898776.3940524086,967463.5883540885
878368_13,False,109.68853984868534,109.43051685125582,526293.9092557342,652559.2244495773
878368_12,False,76.80034043750206,140.5134398548747,1561017.2902738051,1861551.0598864176
892497_28,False,69.54803854360416,83.73079972802178,338350.4658268015,804691.0462070389
892497_27,False,73.31964792166181,96.60299027953923,575999.5930807595,969730.105469929
892497_26,False,75.5621996507997,108.26208637113476,355017.4765814813,262745.74080264557
892497_25,False,83.34603268631285,143.80767006876226,386032.4534866569,720906.9215994817
892497_24,False,144.27950166638834,300.1749689186985,458885.3380222101,487972.3358355027
892497_23,False,112.70617722672681,125.21895970918465,386100.6016707823,408351.47032601864
892497_22,False,268.54248123669896,281.99011159199546,417521.8197238884,397208.10372083215
892497_21,False,220.28404289809504,229.94364489715585,457575.3285629633,442603.3656606551
892497_20,False,248.65520480279525,261.7310111109873,509661.7463086581,510220.58739582193
892497_19,False,124.83814025973729,133.95541913140823,604898.9074051385,746647.3082197485
892497_18,False,519.3495203580549,274.8002740136715,672574.0820687584,2029137.7718794236
892497_17,False,208.8441624975622,240.4854495560852,483868.282846478,525441.4860172677
892497_16,False,225.5679467147997,245.88300490324067,320817.71298281394,336900.0817607097
892497_15,False,201.02459150462767,223.58622672313425,827234.614777406,3333121.791435778
892497_14,False,374.1811714221335,329.7193472161416,582092.7870215415,883746.3166932159
892497_13,False,147.9008394322769,177.4490713155673,1121359.8958590375,1853706.0855853094
892497_12,False,129.9155777378941,161.11276384477398,678118.3605245759,1092307.8315542599
907304_28,False,165.37879651593508,182.90141083108898,141901.38688948628,332112.3953851396
907304_27,False,105.13330949838084,116.16081494224045,241585.9631140706,461180.56969323487
907304_26,False,90.65260078761426,120.22429443319608,164981.17379086823,792984.5188358125
907304_25,False,93.28616892865088,120.63375356344177,195276.36529000668,851870.9156699391
907304_24,False,216.05007293115125,222.5871992530405,244644.5991328688,378200.09057140397
907304_23,False,114.11329813343258,132.22015662168585,234428.2167849167,1886803.043298555
907304_22,False,244.60728449594677,285.8003521233222,323355.26777057734,1130039.670141512
907304_21,False,221.02812508102178,314.11447027607596,977253.0388787261,325293.7783767617
907304_20,False,223.76813743458158,213.93869082864677,803911.1294997586,1451557.0918820817
907304_19,False,113.65820160189935,137.65663294225993,656666.0065835745,447653.47432947427
907304_18,False,172.1177148048435,190.690221243161,837819.2152718615,588608.5074204239
907304_17,False,121.85266607147213,127.3501811320852,628709.4052933474,799043.5848611603
907304_16,False,98.48787200635395,102.18530773518181,411193.8002956456,897110.3817868457
907304_15,False,101.42086553364362,106.02973621535928,398476.0736442224,584323.2394158693
907304_14,False,90.69321555092895,97.84311153001477,372232.936420972,1265385.8753374186
907304_13,False,71.29290821003303,96.91397389677803,440152.3686433589,732797.1101527078
912390_28,False,122.20065670264773,144.82896908047118,157415.99431306066,53583.93820170133
912390_27,False,105.75345936121995,138.39102797739062,170396.06266600598,47814.437718342146
912390_26,False,93.22079298387365,112.66879858901645,69324.37861922706,121987.49373768271
912390_25,False,94.11648347547491,121.898581258258,98128.7423454764,207973.37144539153
912390_24,False,117.15399842243446,147.77711172099234,86547.93641668983,215199.8948905404
912390_23,False,101.39983622829516,136.99631235706568,93656.63300971329,348554.86494639004
912390_22,False,192.44566653285568,233.0554464986393,116110.70825881402,134837.98665024055
912390_21,False,204.23519655483054,254.26836863613312,112046.75652422423,162342.70957797853
912390_20,False,179.46913634481797,255.0601609018945,128556.92788595616,146193.11179310508
912390_19,False,148.96418373765354,270.8537487709918,98586.96231397049,51270.873235481835
912390_18,False,576.3867761685681,491.91980834076946,170935.8839298879,132263.94420553488
912390_17,False,295.3867656574339,1235.365693695136,327228.1226553089,365334.4714789251
912390_16,False,457.80970340367367,1115.7803619917195,757475.7045591454,600401.0306197609
912390_15,False,1007.7631482867165,1143.7868202081158,3440195.5320510915,2852853.526130668
912390_14,False,181.9728391624589,235.62442894710978,1100652.9947886104,385626.37038489134
912390_13,False,209.58342468972924,239.0122130638714,1188929.2653199073,310290.35197952297
912390_12,False,136.92020757460983,138.75709360935556,601182.4911450715,1288884.9175017453
917940_28,False,259.7574624569528,8440.415756859189,177815.27537726698,111840.0177027086
917940_27,False,196.76574438339642,8240.01666914898,199354.98494444962,110751.6210935815
917940_26,False,137.50102278500353,2687.1274404242686,154319.52703885565,77798.5171395356
917940_25,False,138.78857200088015,1492.7896271380548,269913.9798104297,79336.77802821973
917940_24,False,193.02538811896386,210.88133311967113,269384.5282246859,535644.0823403877
917940_23,False,96.42554512618919,100.86084443981437,318654.69095614844,1778559.8301811558
917940_22,False,253.6192191151324,216.96751676463506,339900.6141400093,2645800.9401108366
917940_21,False,230.33778389088388,252.30471019264272,363285.5296425685,2733299.156627123
917940_20,False,253.99183372115,273.83519184616216,312370.7164549228,3049864.1208975627
917940_19,False,116.67123090080469,146.0234308748312,456186.06665861444,3010806.7867288645
917940_18,False,129.8932594355776,331.34889910695637,816120.4597670025,1568219.758230484
917940_17,False,264.31115338682866,131.7704048147808,397526.84843861824,3794961.3302426287
917940_16,False,88.6438399968307,102.71773027630775,709102.3892648531,1928928.4213274375
917940_15,False,140.16953526906454,142.45738514205107,576695.4749367558,848408.9315928081
917940_14,False,115.43911895396815,114.6317886604075,689649.917964652,1324649.6284422975
917940_13,False,125.43986140276374,136.17660805572174,434665.2151096171,874085.7239591798
917940_12,False,80.22546096116915,66.63217814042359,652620.8604680102,705201.3843447053
924755_28,False,133.21726481664095,355.0334458680261,898250.2459382976,65187.52706268144
924755_27,False,97.97908778509273,202.15071195254808,1087644.0093833138,62581.317449537
924755_26,False,112.4390811915662,293.77847775519433,443489.4408476172,79831.8849992927
924755_25,False,104.90604817694742,120.56061445547232,203646.47854192543,146962.2435772095
924755_24,False,179.45584642600923,193.69743843915757,3413676.607519103,293324.15614585456
924755_23,False,101.9228091414387,101.91995141630338,551674.3838982991,879748.6247190231
924755_22,False,177.80324039174323,182.6177926344368,471494.28076409054,622248.272667957
924755_21,False,185.9638080301043,199.13714153457266,1040546.5467861894,1112109.3576574847
924755_20,False,163.60627790586182,177.6189199423847,1501999.0408982774,1949278.9276853702
924755_19,False,91.5993099251327,108.90606539620654,1373925.927966906,1883565.485398988
924755_18,False,107.14753863329383,144.2643567450892,440501.9964949732,483078.6662207141
924755_17,False,167.119424845203,200.0041825344644,640422.8322547282,509132.36894467875
924755_16,False,122.40004122453891,146.0569275942865,765640.8962830035,668071.9843993753
924755_15,False,114.72381615378504,770.1845196749621,293283.3503372292,270451.83923275146
924755_14,False,91.72348848201347,93.38000684432578,965074.279078044,1725361.156169754
924755_13,False,105.8387327159626,166.09485425771672,6223468.160873159,1527602.4467336764
924755_12,False,79.69679819137146,77.33179354006816,190642.8115261171,471420.314860609
950105_28,False,138.20758313776446,142.78567511943402,537428.7075291988,560420.9904256492
950105_27,False,116.7377420916994,161.1334427265904,444803.5882148556,168997.28374624735
950105_26,False,114.22117424380407,127.05290331599116,165136.9222009533,170570.62975153496
950105_25,False,137.9609481710478,158.32841193233148,247508.4649421552,649985.7605200026
950105_24,False,293.76387581456584,318.4196384706059,8269590.886033842,742947.6836153839
950105_23,False,247.7125056932556,278.7886308441281,1406495.1532086697,1395238.5524671557
950105_22,False,110.0082480997925,150.66319402612427,765031.782786759,842566.5385579306
950105_21,False,114.2097700259507,164.04146528456437,753605.1764174614,908918.5830372388
950105_20,False,111.99598564479182,146.79385156946614,404446.83538446354,623834.1866089699
950105_19,False,84.8896104905632,87.72963906340125,652230.5717568332,1443389.0252594356
950105_18,False,91.06808532978768,97.68905947973676,450385.58917576814,517255.40071723156
950105_17,False,113.19955226639121,149.59805270212473,22914658.033196166,669195.9681812102
950105_16,False,173.13419863270576,147.8987103752204,193701.41368813574,403468.89933858457
950105_15,False,66.54914924573113,79.42067550521435,870863.0838295703,1677772.698056785
950105_14,False,68.14736188394531,214.27596816788628,9586125.814162368,284280.2245463188
950105_13,False,59.80002765274497,53.11175860335899,976734.9714377323,1748155.0122803529
950105_12,False,49.284205188622394,50.47430073853175,445536.22557369096,8729738.15920423
955249_28,False,146.85526616368426,221.23225359825358,106895.38499611139,137605.7276814632
955249_27,False,118.10673189508017,191.47190625063413,344586.71003201616,78841.28671968222
955249_26,False,90.66900593179022,131.06972450217916,599111.9612305183,75459.3586880771
955249_25,False,105.71137951166045,112.0473481263395,85906.67602643796,118052.38221340702
955249_24,False,156.06790092412635,162.86721613053004,218584.94796185577,213642.05029483477
955249_23,False,91.11964799906717,95.6248054726276,356394.887272846,455142.2134282514
955249_22,False,161.67990400438552,182.26578052074777,248448.47856302926,699071.5894172271
955249_21,False,190.17913718007833,211.33948935697848,188733.15705320775,705745.4599728397
955249_20,False,204.43401823737727,217.8502486896416,293286.84981834085,723288.4503121692
955249_19,False,144.3685778234502,148.76446387831447,301994.50601280644,334496.4178638671
955249_18,False,237.16207080616874,240.8964819679232,206086.36754241935,429655.3235931836
955249_17,False,490.6365768375623,532.8953128443869,1795978.8558091999,1170162.664373083
955249_16,False,195.6608216168434,211.25241764808058,3887769.3447123123,969838.0357568632
955249_15,False,276.97837082537006,538.1382998023187,1913626.4841347553,557832.9941114144
955249_14,False,97.88475782767031,103.24916060179791,939844.2167742362,806923.717220403
955249_13,False,132.5917079528048,166.98757717574313,1360651.1881640726,647523.4156248068
955249_12,False,66.0961213509223,67.3969651550187,1111525.3271505747,5199214.046168684
959840_28,False,90.03031589016233,110.67610199961211,234362.31098103445,910188.0097179273
959840_27,False,102.01929621797001,133.61238201063884,315963.9658208538,791657.4191524487
959840_26,False,100.43658893477517,111.36185280594214,451142.8341957082,812724.543056695
959840_25,False,133.83793653460458,150.13350543834474,413261.44396079326,1785388.5557671166
959840_24,False,155.06417378886732,172.72318191690746,528529.0350253249,1700331.304113116
959840_23,False,90.53355011672267,106.62050023971779,425277.77934231283,1975662.078926464
959840_22,False,243.4458822304134,259.5685788415099,382749.85286285146,1751755.8085666653
959840_21,False,428.8205807242214,444.15472954762583,785307.0831248306,2872617.492931667
959840_20,False,228.6143642076546,252.72181062561896,1391865.901317405,1710120.2640499384
959840_19,False,116.63002590041681,129.9123000785172,824813.0809089317,1214106.365367339
959840_18,False,200.4563262749915,224.66759329000956,634471.8297552832,651993.1780310653
959840_17,False,197.17416925788729,209.26944616568144,980555.9333506874,1004103.4898566226
959840_16,False,206.22796234034575,210.9944812864405,541903.9093749238,878132.444031396
959840_15,False,203.52226130576872,232.58441644850245,886178.6588917647,626213.6433138566
959840_14,False,144.77006947081122,159.12282355183885,557098.3672546269,476579.9161887136
959840_13,False,214.5332801591762,270.2455001274169,3643994.41027975,2793321.0697364444
959840_12,False,354.9122383820515,1636.170378529479,686742.7274768596,162361.89482247116
971267_28,False,132.2305521013613,143.90038334847162,203954.0720206907,139446.9914754041
971267_27,False,119.59028648722662,132.90665576721386,243112.57887066374,203010.11661006924
971267_26,False,110.54908808155051,115.33133458248176,247988.40646058944,248257.85096303961
971267_25,False,121.94258196893216,123.72947754036625,184858.73918854227,189073.89150839447
971267_24,False,210.4918368938849,216.26640500759973,350244.85160485364,302368.8576450334
971267_23,False,115.032340080664,128.97613738228696,571962.5360485333,287239.5017055081
971267_22,False,238.45974391252042,265.971177466413,1012833.7931802575,902688.9104931365
971267_21,False,230.52179576898777,314.20554871005794,1197929.6491963603,133234.2271829456
971267_20,False,263.40220624412825,441.5457189004254,2854670.345084588,171562.51790859748
971267_19,False,128.44730956962965,141.03420186043334,271094.4219496993,290224.99602909177
971267_18,False,140.98658552470255,168.52555521976728,1231255.3695223634,201214.06997254802
971267_17,False,112.50720993161286,126.9952835387756,458583.1360748916,743992.2447460099
971267_16,False,177.37410616445615,189.54533913075505,826300.3433373721,1827431.433756159
971267_15,False,105.19030039202359,174.3793137860999,1977802.0772300006,425810.77028229006
971267_14,False,99.46924956639214,142.47960463238934,660401.4600527202,324426.77443658723
971267_13,False,66.58453762708405,69.71412549221795,2471822.9908802942,1758615.8054979262
971267_12,False,57.70664008855534,66.04907977559103,542458.2205854645,1285225.078828265
